paperId,Cleaned_abstract,Abstract_Sentiment
f9c602cc436a9ea2f9e7db48c77d924e09ce3c32,we present fashionmnist new dataset compris 28x28 grayscal imag fashion product categori imag per categori the train set imag test set imag fashionmnist intend serv direct dropin replac origin mnist dataset benchmark machin learn algorithm share imag size data format structur train test split the dataset freeli avail http url,Positive
46200b99c40e8586c8a0f588488ab6414119fb28,tensorflow machin learn system oper larg scale heterogen environ tensorflow use dataflow graph repres comput share state oper mutat state it map node dataflow graph across mani machin cluster within machin across multipl comput devic includ multicor cpu generalpurpos gpu customdesign asic known tensor process unit tpu thi architectur give flexibl applic develop wherea previou paramet server design manag share state built system tensorflow enabl develop experi novel optim train algorithm tensorflow support varieti applic focu train infer deep neural network sever googl servic use tensorflow product releas opensourc project becom wide use machin learn research in paper describ tensorflow dataflow model demonstr compel perform tensorflow achiev sever realworld applic,Positive
9c9d7247f8c51ec5a02b0d911d1d7b9e8160495d,tensorflow interfac express machin learn algorithm implement execut algorithm a comput express use tensorflow execut littl chang wide varieti heterogen system rang mobil devic phone tablet largescal distribut system hundr machin thousand comput devic gpu card the system flexibl use express wide varieti algorithm includ train infer algorithm deep neural network model use conduct research deploy machin learn system product across dozen area comput scienc field includ speech recognit comput vision robot inform retriev natur languag process geograph inform extract comput drug discoveri thi paper describ tensorflow interfac implement interfac built googl the tensorflow api refer implement releas opensourc packag apach licens novemb avail wwwtensorfloworg,Positive
f9c990b1b5724e50e5632b94fdb7484ece8a6ce7,the goal precipit nowcast predict futur rainfal intens local region rel short period time veri previou studi examin crucial challeng weather forecast problem machin learn perspect in paper formul precipit nowcast spatiotempor sequenc forecast problem input predict target spatiotempor sequenc by extend fulli connect lstm fclstm convolut structur inputtost statetost transit propos convolut lstm convlstm use build endtoend trainabl model precipit nowcast problem experi show convlstm network captur spatiotempor correl better consist outperform fclstm stateoftheart oper rover algorithm precipit nowcast,Negative
9f5b82d9915d0752957602224c5056be7e749c83,understand machin learningprobabilist machin learninghandson machin learn scikitlearn kera tensorflowfundament machin learningreinforc learn second editiondeep learningintroduc machin learningfound data sciencefundament deep learningintellig systemsmachin learn refinedan introduct deep reinforc learningdeep learn fundament theori applicationsdeep learningdeep learn coder fastai pytorchmachin learninga brief introduct machin learn engineersel causal inferencefundament machin learn predict data analyt second editionmachin learn clinic neurosciencelearn deep architectur aiartifici intelligencestatist foundat data scienceth mathemat foundat learn machinesfound machin learningmachin learn foundationsboostingth algorithm foundat differenti privacymathemat machin learningfound rule learningdeep learn pytorchneur network learningdeep learn illustratedfound deep reinforc learningfound machin learn second editionimbalanc learningfound knowledg acquisitionon path aimachin learn theoret foundat practic applicationsartifici intellig machin learn fundament,Neutral
d422df8bff4e677a3077635db116679d25142bfc,machin learn address question build comput improv automat experi it one today rapidli grow technic field lie intersect comput scienc statist core artifici intellig data scienc recent progress machin learn driven develop new learn algorithm theori ongo explos avail onlin data lowcost comput the adopt dataintens machinelearn method found throughout scienc technolog commerc lead evidencebas decisionmak across mani walk life includ health care manufactur educ financi model polic market,Positive
25badc676197a70aaf9911865eb03469e402ba57,today weben delug electron data call autom method data analysi machin learn provid develop method automat detect pattern data use uncov pattern predict futur data thi textbook offer comprehens selfcontain introduct field machin learn base unifi probabilist approach the coverag combin breadth depth offer necessari background materi topic probabl optim linear algebra well discus recent develop field includ condit random field l1 regular deep learn the book written inform access style complet pseudocod import algorithm all topic copious illustr color imag work exampl drawn applic domain biolog text process comput vision robot rather provid cookbook differ heurist method book stress principl modelbas approach often use languag graphic model specifi model concis intuit way almost model describ implement matlab softwar packagepmtk probabilist model toolkitthat freeli avail onlin the book suitabl upperlevel undergradu introductorylevel colleg math background begin graduat student,Positive
0090023afc66cd2741568599057f4e82b566137c,with widespread use artifici intellig ai system applic everyday live account fair gain signific import design engin system ai system use mani sensit environ make import lifechang decis thu crucial ensur decis reflect discriminatori behavior toward certain group popul more recent work develop tradit machin learn deep learn address challeng differ subdomain with commerci system research becom awar bias applic contain attempt address in survey investig differ realworld applic shown bias variou way list differ sourc bias affect ai applic we creat taxonomi fair definit machin learn research defin avoid exist bia ai system in addit examin differ domain subdomain ai show research observ regard unfair outcom stateoftheart method way tri address there still mani futur direct solut taken mitig problem bia ai system we hope survey motiv research tackl issu near futur observ exist work respect field,Positive
168f28ac3c8c7ea63bf7ed25f2288e8b67e2fe74,scikitlearn python modul integr wide rang stateoftheart machin learn algorithm mediumscal supervis unsupervis problem thi packag focus bring machin learn nonspecialist use generalpurpos highlevel languag emphasi put ea use perform document api consist it minim depend distribut simplifi bsd licens encourag use academ commerci set sourc code binari document download httpscikitlearnsourceforgenet,Negative
597bd2e45427563cdf025e53a3239006aa364cfc,we present open graph benchmark ogb diver set challeng realist benchmark dataset facilit scalabl robust reproduc graph machin learn ml research ogb dataset largescal million node billion edg encompass multipl import graph ml task cover diver rang domain rang social inform network biolog network molecular graph sourc code ast knowledg graph for dataset provid unifi evalu protocol use meaning applicationspecif data split evalu metric in addit build dataset also perform extens benchmark experi dataset our experi suggest ogb dataset present signific challeng scalabl largescal graph outofdistribut gener realist data split indic fruit opportun futur research final ogb provid autom endtoend graph ml pipelin simplifi standard process graph data load experiment setup model evalu ogb regularli updat welcom input commun ogb dataset well data loader evalu script baselin code leaderboard publicli avail http url,Positive
2e2089ae76fe914706e6fa90081a79c8fe01611e,the use machin learn algorithm frequent involv care tune learn paramet model hyperparamet unfortun tune often black art requir expert experi rule thumb sometim bruteforc search there therefor great appeal automat approach optim perform given learn algorithm problem hand in work consid problem framework bayesian optim learn algorithm gener perform model sampl gaussian process gp we show certain choic natur gp type kernel treatment hyperparamet play crucial role obtain good optim achiev expertlevel perform we describ new algorithm take account variabl cost durat learn algorithm experi leverag presenc multipl core parallel experiment we show propos algorithm improv previou automat procedur reach surpass human expertlevel optim mani algorithm includ latent dirichlet alloc structur svm convolut neural network,Positive
62ccd99a65bfc7c735ae1f33b75b107665de95df,today artifici intellig still face two major challeng one industri data exist form isol island the strengthen data privaci secur we propos possibl solut challeng secur feder learn beyond federatedlearn framework first propos googl introduc comprehens secur federatedlearn framework includ horizont feder learn vertic feder learn feder transfer learn we provid definit architectur applic federatedlearn framework provid comprehens survey exist work subject in addit propos build data network among organ base feder mechan effect solut allow knowledg share without compromis user privaci,Positive
6a6ad9eb495739f4c80e7c09598720c3d5c5dff7,feder learn also known collabor learn machin learn techniqu train algorithm without transfer data sampl across numer decentr edg devic server thi strategi differ standard central machin learn techniqu local dataset upload singl server well tradit decentr altern frequent presum local data sampl uniformli distribut feder learn allow sever actor collabor develop singl robust machin learn model without share data allow crucial issu data privaci data secur data access right access heterogen data address defenc telecommun internet thing pharmaceut industri sector applic,Positive
807c1f19047f96083e13614f7ce20f2ac98c239a,from publish classifi system play major role machin learn knowledgebas system ross quinlan work id3 c45 wide acknowledg made signific contribut develop thi book complet guid c45 system implement c unix environ it contain comprehens guid system use sourc code line implement note the sourc code sampl dataset also avail 35inch floppi diskett sun workstat c45 start larg set case belong known class the case describ mixtur nomin numer properti scrutin pattern allow class reliabl discrimin these pattern express model form decis tree set ifthen rule use classifi new case emphasi make model understand well accur the system appli success task involv ten thousand case describ hundr properti the book start simpl core learn method show elabor extend deal typic problem miss data hit advantag disadvantag c45 approach discus illustr sever case studi thi book softwar interest develop classificationbas intellig system student machin learn expert system cours,Positive
5c39e37022661f81f79e481240ed9b175dec6513,a machin learn system becom ubiquit surg interest interpret machin learn system provid explan output these explan often use qualit ass criterion safeti nondiscrimin howev despit interest interpret littl consensu interpret machin learn measur in posit paper first defin interpret describ interpret need next suggest taxonomi rigor evalu expo open question toward rigor scienc interpret machin learn,Positive
b0c34618ffd1154f35863e2ce7250ac6b6f2c424,interpret machin learn becom popular research direct deep neural network dnn becom power applic mainstream yet dnn remain difficult understand test concept activ vector tcav kim et al approach interpret dnn humanfriendli way recent receiv signific attent machin learn commun the tcav algorithm achiev degre global interpret dnn humandefin concept explan thi project introduc robust tcav build tcav experiment determin best practic method the object robust tcav make tcav consist reduc varianc tcav score distribut increas cav tcav score resist perturb a differ mean method cav gener determin best practic achiev object mani area tcav process explor includ cav visual low dimens neg class select activ perturb direct cav final threshold techniqu consid remov nois tcav score thi project step direct make tcav alreadi impact algorithm interpret reliabl use practition,Positive
53b047e503f4c24602f376a774d653f7ed56c024,machin learn ml model eg deep neural network dnn vulner adversari exampl malici input modifi yield erron model output appear unmodifi human observ potenti attack includ malici content like malwar identifi legitim control vehicl behavior yet exist adversari exampl attack requir knowledg either model intern train data we introduc first practic demonstr attack control remot host dnn knowledg inde capabl blackbox adversari observ label given dnn chosen input our attack strategi consist train local model substitut target dnn use input synthet gener adversari label target dnn we use local substitut craft adversari exampl find misclassifi target dnn to perform realworld properlyblind evalu attack dnn host metamind onlin deep learn api we find dnn misclassifi adversari exampl craft substitut we demonstr gener applic strategi mani ml techniqu conduct attack model host amazon googl use logist regress substitut they yield adversari exampl misclassifi amazon googl rate we also find blackbox attack strategi capabl evad defens strategi previous found make adversari exampl craft harder,Negative
2936cbd6a90d7153a9fa34e8e4fd947907fe7f6c,through seri recent breakthrough deep learn boost entir field machin learn now even programm know close noth technolog use simpl effici tool implement program capabl learn data thi practic book show by use concret exampl minim theori two productionreadi python frameworksscikitlearn tensorflowauthor aurelien geron help gain intuit understand concept tool build intellig system youll learn rang techniqu start simpl linear regress progress deep neural network with exercis chapter help appli youv learn need program experi get start explor machin learn landscap particularli neural net use scikitlearn track exampl machinelearn project endtoend explor sever train model includ support vector machin decis tree random forest ensembl method use tensorflow librari build train neural net dive neural net architectur includ convolut net recurr net deep reinforc learn learn techniqu train scale deep neural net appli practic code exampl without acquir excess machin learn theori algorithm detail,Positive
f0dcc9aa31dc9b31b836bcac1b140c8c94a2982d,we quantit investig machin learn model leak inform individu data record train we focu basic membership infer attack given data record blackbox access model determin record model train dataset to perform membership infer target model make adversari use machin learn train infer model recogn differ target model predict input train versu input train we empir evalu infer techniqu classif model train commerci machin learn servic provid googl amazon use realist dataset classif task includ hospit discharg dataset whose membership sensit privaci perspect show model vulner membership infer attack we investig factor influenc leakag evalu mitig strategi,Negative
4512fd274da1d5b83b10e5dfe76d36332f2da9a0,hogg r v mckean j w craig a t introduct mathemat statist 6th ed upper saddl river nj prenticehal lohr s l sampl design analysi pacif grove ca duxburi press mittelhamm r c mathemat statist econom busi administr new york springer särndal ce swensson b wretman j modelassist survey sampl new york springer,Neutral
2e62d1345b340d5fda3b092c460264b9543bc4b5,from publish thi book bring togeth inform tutori fashion comput techniqu mathemat tool research result enabl student practition appli genet algorithm problem mani field major concept illustr run exampl major algorithm illustr pascal comput program no prior knowledg ga genet assum minimum comput program mathemat background requir,Negative
ffa5e04a55da0cfd151053beeca3d470d26cb35d,tradit lithiumion liion batteri state health soh estim methodolog focus estim present cell capac provid suffici inform determin cell lifecycl stage valu secondlif use quantifi underli degrad mode caus capac fade give insight electrochem state cell provid detail health inform remain activ materi lithium inventori howev current physicsbas method degrad diagnost requir longterm cycl data comput expens deploy local devic to improv upon current method propos extens test two lightweight physicsinform machin learn method onlin estim capac batteri cell diagnos primari degrad mode use limit earlylif experiment degrad data to enabl latelif predict eg year without use latelif experiment data method train use simul data physicsbas halfcel model earlylif eg month degrad data obtain cycl test the propos method comprehens evalu use data longterm year cycl experi implantablegrad liion cell cycl two temperatur crate result fourfold crossvalid studi show propos physicsinform machin learn model capabl improv estim accuraci cell capac state three primari degrad mode compar pure datadriven approach addit work provid insight role temperatur crate cell degrad loss lithiat activ materi one electrod lam pene loss lithium due solid electrolyt interfac sei growth pure lli total loss lithium inventori quantifi lii paramet total lam pene the lam paramet use throughout studi use quantifi delithi lam wherea lithiat lam quantifi linear combin lam lii practic increas lli result accumul parasit reaction cell contribut lithium inventori loss eg sei growth electrolyt decomposit delamin lithiat electrod materi,Negative
2097ff87df3cb9427c7388bc7b997ed56907d45b,problem consid function fx1 x2 x1 x at point xk t find gradient descent direct b xk1 exact line search gradient descent direct c newton direct xk1 exact line search newton direct problem consid follow quadrat function fx xqx bx assum q symmetr posit definit what gradient fx,Negative
60caa5b3d066e13feac496fd0736e976970eb09f,the machin learn field briefli defin enabl comput make success predict use past experi exhibit impress develop recent help rapid increas storag capac process power comput togeth mani disciplin machin learn method wide employ bioinformat the difficulti cost biolog analys led develop sophist machin learn approach applic area in chapter first review fundament concept machin learn featur ass unsupervis versu supervis learn type classif then point main issu design machin learn experi perform evalu final introduc supervis learn method,Positive
fa72afa9b2cbc8f0d7b05d52548906610ffbb9c5,neural machin translat recent propos approach machin translat unlik tradit statist machin translat neural machin translat aim build singl neural network jointli tune maxim translat perform the model propos recent neural machin translat often belong famili encoderdecod consist encod encod sourc sentenc fixedlength vector decod gener translat in paper conjectur use fixedlength vector bottleneck improv perform basic encoderdecod architectur propos extend allow model automat softsearch part sourc sentenc relev predict target word without form part hard segment explicitli with new approach achiev translat perform compar exist stateoftheart phrasebas system task englishtofrench translat furthermor qualit analysi reveal softalign found model agre well intuit,Positive
0b544dfe355a5070b60986319a3f51fb45d1348e,in paper propos novel neural network model call rnn encod decod consist two recurr neural network rnn one rnn encod sequenc symbol fixedlength vector represent decod represent anoth sequenc symbol the encod decod propos model jointli train maxim condit probabl target sequenc given sourc sequenc the perform statist machin translat system empir found improv use condit probabl phrase pair comput rnn encoderdecod addit featur exist loglinear model qualit show propos model learn semant syntact meaning represent linguist phrase,Positive
12d0353ce8b41b7e5409e5a4a611110aee33c7bc,we consid problem classifi document topic overal sentiment eg determin whether review posit neg use movi review data find standard machin learn techniqu definit outperform humanproduc baselin howev three machin learn method employ naiv bay maximum entropi classif support vector machin perform well sentiment classif tradit topicbas categor we conclud examin factor make sentiment classif problem challeng,Negative
b62544d43edd402c23127b9e8c28d0f5b6b33db2,signific accur simul fluid import mani scienc engin problem comput demand in contrast machinelearn model approxim physic quickli cost accuraci here show use machin learn insid tradit fluid simul improv accuraci speed even exampl differ train data our approach open door appli machin learn largescal physic model task like airplan design climat predict numer simul fluid play essenti role model mani physic phenomenon weather climat aerodynam plasma physic fluid well describ navierstok equat solv equat scale remain daunt limit comput cost resolv smallest spatiotempor featur thi lead unfavor tradeoff accuraci tractabl here use endtoend deep learn improv approxim insid comput fluid dynam model twodimension turbul flow for direct numer simul turbul largeeddi simul result accur baselin solver finer resolut spatial dimens result 80fold comput speedup our method remain stabl long simul gener forc function reynold number outsid flow train contrast blackbox machinelearn approach our approach exemplifi scientif comput leverag machin learn hardwar acceler improv simul without sacrif accuraci gener,Positive
e2a85a6766b982ff7c8980e57ca6342d22493827,adversari exampl malici input design fool machin learn model they often transfer one model anoth allow attack mount black box attack without knowledg target model paramet adversari train process explicitli train model adversari exampl order make robust attack reduc test error clean input so far adversari train primarili appli small problem in research appli adversari train imagenet our contribut includ recommend succes scale adversari train larg model dataset observ adversari train confer robust singlestep attack method find multistep attack method somewhat le transfer singlestep attack method singlestep attack best mount blackbox attack resolut label leak effect caus adversari train model perform better adversari exampl clean exampl adversari exampl construct process use true label model learn exploit regular construct process,Negative
d21703674ae562bae4a849a75847cdd9ead417df,thi paper provid review commentari past present futur numer optim algorithm context machin learn applic through case studi text classif train deep neural network discus optim problem aris machin learn make challeng a major theme studi largescal machin learn repres distinct set stochast gradient sg method tradit play central role convent gradientbas nonlinear optim techniqu typic falter base viewpoint present comprehens theori straightforward yet versatil sg algorithm discus practic behavior highlight opportun design algorithm improv perform thi lead discus next gener optim method largescal machin learn includ investig two main stream research techniqu diminish nois stochast direct method make use secondord deriv approxim,Positive
6b20af22b0734757d9ead382b201a65f9dd637cc,the autom categor classif text predefin categori wit boom interest last year due increas avail document digit form ensu need organ in research commun domin approach problem base machin learn techniqu gener induct process automat build classifi learn set preclassifi document characterist categori the advantag approach knowledg engin approach consist manual definit classifi domain expert good effect consider save term expert labor power straightforward portabl differ domain thi survey discus main approach text categor fall within machin learn paradigm we discus detail issu pertain three differ problem name document represent classifi construct classifi evalu,Positive
f9ae5196908d21336ab02f5c20258dc760d125d6,in paper expand invit talk aisec discus emerg field studi adversari machin learningth studi effect machin learn techniqu adversari oppon in paper give taxonomi classifi attack onlin machin learn algorithm discus applicationspecif factor limit adversari capabl introduc two model model adversari capabl explor limit adversari knowledg algorithm featur space train input data explor vulner machin learn algorithm discus countermeasur attack introduc evas challeng discus privacypreserv learn techniqu,Negative
9e27190f2d9b2167d4a66b88696def4585072fd5,thi paper describ technic develop accuraci ass recent improv version soilgrid system 250m resolut june updat soilgrid provid global predict standard numer soil properti organ carbon bulk densiti cation exchang capac cec ph soil textur fraction coars fragment seven standard depth cm addit predict depth bedrock distribut soil class base world refer base wrb usda classif system ca raster layer total predict base ca soil profil use train stack remot sensingbas soil covari primarili deriv modi land product srtm dem deriv climat imag global landform litholog map use fit ensembl machin learn methodsrandom forest gradient boost andor multinomi logist regressiona implement r packag ranger xgboost nnet caret the result 10fold crossvalid show ensembl model explain coars fragment ph variat overal averag improv rel accuraci consid amount variat explain comparison previou version soilgrid km spatial resolut rang improv attribut use machin learn instead linear regress consider invest prepar finer resolut covari layer insert addit soil profil further develop soilgrid could includ refin method incorpor input uncertainti deriv posterior probabl distribut per pixel autom spatial model soil map gener potenti hundr soil variabl anoth area futur research develop method multiscal merg soilgrid predict local andor nation grid soil product eg spatial resolut increasingli accur complet consist global soil inform produc soilgrid avail open data base licens,Positive
256db9dba1978f004a67c86ffc321563b1aee79a,interpret machin learn ml crucial high stake decis troubleshoot in work provid fundament principl interpret ml dispel common misunderstand dilut import crucial topic we also identifi technic challeng area interpret machin learn provid histori background problem some problem classic import recent problem arisen last year these problem optim spar logic model decis tree optim score system place constraint gener addit model encourag sparsiti better interpret modern casebas reason includ neural network match causal infer complet supervis disentangl neural network complet even partial unsupervis disentangl neural network dimension reduct data visual machin learn model incorpor physic gener causal constraint character therashomon setof good model interpret reinforc learn thi survey suitabl start point statistician comput scientist interest work interpret machin learn,Negative
287ba5bf00d96af1596aaf80c178392a9c4fcc28,coin arthur samuel samuel tom mitchel mitchel provid formal definit a comput program said learn experi e respect task t perform measur p perform t measur p improv experi e ml appli mani realworld problem task like medic diagno si robot recommend system facial recognit stock price predict sentiment analysi great success we divid ml algorithm three main categori see figur machin learn basic,Positive
7feb0fc888cd55360949554db032d7d1cba9e947,algorithm construct decis tree among well known wide use machin learn method among decis tree algorithm j ross quinlan id3 successor c45 probabl popular machin learn commun these algorithm variat subject numer research paper sinc quinlan introduc id3 until recent research look introduct decis tree turn quinlan semin machin learn journal articl quinlan in new book c45 program machin learn quinlan put togeth definit much need descript complet system includ latest develop a book welcom addit librari mani research student,Positive
696b388ee6221c6dbcfd647a06883b2bfee773d9,in context scienc wellknown adag pictur worth thousand word might well model worth thousand dataset scientif model newtonian physic biolog gene regulatori network humandriven simplif complex phenomenon serv surrog countless experi valid model recent machin learn abl overcom inaccuraci approxim model directli learn entir set nonlinear interact data howev without predetermin structur scientif basi behind problem machin learn approach flexibl dataexpens requir larg databas homogen label train data a central challeng reconcil data odd simplifi model without requir big data in work demonstr mathemat object denot univers differenti equat ude util theoret underpin diver array problem scientif machin learn yield effici algorithm gener approach the ude model augment scientif model machinelearn structur scientificallybas learn we show ude util discov previous unknown govern equat accur extrapol beyond origin data acceler model simul time dataeffici manner thi advanc coupl opensourc softwar allow train ude incorpor physic constraint delay interact implicitlydefin event intrins stochast model our exampl show diver set computationallydifficult model issu across scientif disciplin automat discov biolog mechan acceler train physicsinform neural network largeeddi simul transform ude train problem effici solv singl softwar methodolog,Negative
62df84d6a4d26f95e4714796c2337c9848cc13b5,mxnet multilanguag machin learn ml librari ea develop ml algorithm especi deep neural network embed host languag blend declar symbol express imper tensor comput it offer auto differenti deriv gradient mxnet comput memori effici run variou heterogen system rang mobil devic distribut gpu cluster thi paper describ api design system implement mxnet explain embed symbol express tensor oper handl unifi fashion our preliminari experi reveal promis result larg scale deep neural network applic use multipl gpu machin,Neutral
f86f1748d1b6d22870f4347fd5d65314ba800583,signific while breakthrough machin learn artifici intellig chang societi fundament understand lag behind it tradit believ fit model train data exactli avoid lead poor perform unseen data howev power modern classifi frequent nearperfect fit train disconnect spur recent intens research controversi whether theori provid practic insight in work show classic theori modern practic reconcil within singl unifi perform curv propos mechan underli emerg we believ previous unknown pattern connect structur perform learn architectur help shape design understand learn algorithm breakthrough machin learn rapidli chang scienc societi yet fundament understand technolog lag far behind inde one central tenet field biasvari tradeoff appear odd observ behavior method use modern machinelearn practic the biasvari tradeoff impli model balanc underfit overfit rich enough express underli structur data simpl enough avoid fit spuriou pattern howev modern practic rich model neural network train exactli fit ie interpol data classic model would consid overfit yet often obtain high accuraci test data thi appar contradict rais question mathemat foundat machin learn relev practition in paper reconcil classic understand modern practic within unifi perform curv thi doubledesc curv subsum textbook ushap biasvari tradeoff curv show increas model capac beyond point interpol result improv perform we provid evid exist ubiqu doubl descent wide spectrum model dataset posit mechan emerg thi connect perform structur machinelearn model delin limit classic analys implic theori practic machin learn,Positive
4087e84fc695bb6433d0104ee94f9d7e9f4b7da5,the field fluid mechan rapidli advanc driven unpreced volum data experi field measur largescal simul multipl spatiotempor scale machin learn ml offer wealth techniqu extract inform data translat knowledg underli fluid mechan moreov ml algorithm augment domain knowledg autom task relat flow control optim thi articl present overview past histori current develop emerg opportun ml fluid mechan we outlin fundament ml methodolog discus use understand model optim control fluid flow the strength limit method address perspect scientif inquiri consid data inher part model experi simul ml provid power informationprocess framework augment possibl even transform current line fluid mechan research industri applic,Positive
6068d39e92aef1bb0e1291e9931894c35692a85e,machin learn play role mani deploy decis system often way difficult imposs understand human stakehold explain humanunderstand way relationship input output machin learn model essenti develop trustworthi machinelearningbas system a burgeon bodi research seek defin goal method explain machin learn in paper seek review categor research counterfactu explan specif class explan provid link could happen input model chang particular way modern approach counterfactu explain machin learn draw connect establish legal doctrin mani countri make appeal field system highimpact area financ healthcar thu design rubric desir properti counterfactu explan algorithm comprehens evalu currentlypropos algorithm rubric our rubric provid easi comparison comprehens advantag disadvantag differ approach serv introduct major research theme field we also identifi gap discus promis research direct space counterfactu explain,Positive
fee8f63972906214b77f16cfeca0b93ee8f36ba2,when machin learn technolog use context affect citizen compani well research need confid unexpect social implic bia toward gender ethnic andor peopl disabl there signific literatur approach mitig bia promot fair yet area complex hard penetr newcom domain thi articl seek provid overview differ school thought approach aim increas fair machin learn it organis approach wide accept framework preprocess inprocess postprocess method subcategor method area although much literatur emphas binari classif discus fair regress recommend system unsupervis learn also provid along select current avail open sourc librari the articl conclud summaris open challeng articul five dilemma fair research,Positive
82266f6103bade9005ec555ed06ba20b5210ff22,gaussian process gp provid principl practic probabilist approach learn kernel machin gp receiv increas attent machinelearn commun past decad book provid longneed systemat unifi treatment theoret practic aspect gp machin learn the treatment comprehens selfcontain target research student machin learn appli statisticsth book deal supervisedlearn problem regress classif includ detail algorithm a wide varieti covari kernel function present properti discus model select discus bayesian classic perspect mani connect wellknown techniqu machin learn statist discus includ supportvector machin neural network spline regular network relev vector machin other theoret issu includ learn curv pacbayesian framework treat sever approxim method learn larg dataset discus the book contain illustr exampl exercis code dataset avail web appendix provid mathemat background discus gaussian markov process,Neutral
db0cc2f21b20cbc0ab8946090967399c25709614,we design novel communicationeffici failurerobust protocol secur aggreg highdimension data our protocol allow server comput sum larg userheld data vector mobil devic secur manner ie without learn user individu contribut use exampl feder learn set aggreg userprovid model updat deep neural network we prove secur protocol honestbutcuri activ adversari set show secur maintain even arbitrarili chosen subset user drop time we evalu effici protocol show complex analysi concret implement runtim commun overhead remain low even larg data set client pool for 16bit input valu protocol offer x commun expans user 220dimension vector x expans user 224dimension vector send data clear,Positive
739769f4862753fc80057194456d758d2a148ee3,due simplic implement least squar support vector machin lssvm proxim support vector machin psvm wide use binari classif applic the convent lssvm psvm cannot use regress multiclass classif applic directli although variant lssvm psvm propos handl case thi paper show lssvm psvm simplifi unifi learn framework lssvm psvm regular algorithm refer extrem learn machin elm built elm work gener singlehiddenlay feedforward network slfn hidden layer call featur map elm need tune such slfn includ limit svm polynomi network convent feedforward neural network thi paper show follow elm provid unifi learn platform widespread type featur map appli regress multiclass classif applic directli optim method point view elm milder optim constraint compar lssvm psvm theori compar elm lssvm psvm achiev suboptim solut requir higher comput complex theori elm approxim target continu function classifi disjoint region a verifi simul result elm tend better scalabl achiev similar regress binari class case much better multiclass case gener perform much faster learn speed thousand time tradit svm lssvm,Positive
f75b70c9d7078724b592ec3e21de705e7b6ff73f,we revisit classic semiparametr problem infer low dimension paramet θ_0 presenc highdimension nuisanc paramet η_0 we depart classic set allow η_0 highdimension tradit assumpt donsker properti limit complex paramet space object break to estim η_0 consid use statist machin learn ml method particularli wellsuit estim modern highdimension case ml method perform well employ regular reduc varianc trade regular bia overfit practic howev regular bia overfit estim η_0 caus heavi bia estim θ_0 obtain naiv plug ml estim η_0 estim equat θ_0 thi bia result naiv estim fail n12 consist n sampl size we show impact regular bia overfit estim paramet interest θ_0 remov use two simpl yet critic ingredi use neymanorthogon momentsscor reduc sensit respect nuisanc paramet estim θ_0 make use crossfit provid effici form datasplit we call result set method doubl debias ml dml we verifi dml deliv point estim concentr n12neighborhood true paramet valu approxim unbias normal distribut allow construct valid confid statement the gener statist theori dml elementari simultan reli weak theoret requir admit use broad array modern ml method estim nuisanc paramet random forest lasso ridg deep neural net boost tree variou hybrid ensembl method we illustr gener theori appli provid theoret properti dml appli learn main regress paramet partial linear regress model dml appli learn coeffici endogen variabl partial linear instrument variabl model dml appli learn averag treatment effect averag treatment effect treat unconfounded dml appli learn local averag treatment effect instrument variabl set in addit theoret applic also illustr use dml three empir exampl,Positive
b7a717233ec3ff37385ab1b06816d0ca375f5bb3,a data becom fuel drive technolog econom growth fundament challeng quantifi valu data algorithm predict decis for exampl healthcar consum market suggest individu compens data gener clear equit valuat individu data in work develop principl framework address data valuat context supervis machin learn given learn algorithm train n data point produc predictor propos data shapley metric quantifi valu train datum predictor perform data shapley valu uniqu satisfi sever natur properti equit data valuat we develop mont carlo gradientbas method effici estim data shapley valu practic set complex learn algorithm includ neural network train larg dataset in addit equit extens experi across biomed imag synthet data demonstr data shapley sever benefit power popular leaveoneout leverag score provid insight data valuabl given learn task low shapley valu data effect captur outlier corrupt high shapley valu data inform type new data acquir improv predictor,Positive
71a85e735a3686bef8cce3725ae5ba82e2cabb1b,ml model often exhibit unexpectedli poor behavior deploy realworld domain we identifi underspecif key reason failur an ml pipelin underspecifi return mani predictor equival strong heldout perform train domain underspecif common modern ml pipelin base deep learn predictor return underspecifi pipelin often treat equival base train domain perform show predictor behav differ deploy domain thi ambigu lead instabl poor model behavior practic distinct failur mode previous identifi issu aris structur mismatch train deploy domain we show problem appear wide varieti practic ml pipelin use exampl comput vision medic imag natur languag process clinic risk predict base electron health record medic genom our result show need explicitli account underspecif model pipelin intend realworld deploy domain,Negative
f70b2f20be241f445a61f33c4b8e76e554760340,recent advanc machin learn stimul widespread interest within inform technolog sector integr ai capabl softwar servic thi goal forc organ evolv develop process we report studi conduct observ softwar team microsoft develop aibas applic we consid ninestag workflow process inform prior experi develop ai applic eg search nlp data scienc tool eg applic diagnost bug report we found variou microsoft team unit workflow preexist wellevolv agilelik softwar engin process provid insight sever essenti engin challeng organ may face creat largescal ai solut marketplac we collect best practic microsoft team address challeng in addit identifi three aspect ai domain make fundament differ prior softwar applic domain discov manag version data need machin learn applic much complex difficult type softwar engin model custom model reus requir differ skill typic found softwar team ai compon difficult handl distinct modul tradit softwar compon model may entangl complex way experi nonmonoton error behavior we believ lesson learn microsoft team valuabl organ,Positive
6bc43977fb11cceed0b9aa55b23c6dd29dd9a132,a central problem machin learn identifi repres set featur construct classif model particular task thi thesi address problem featur select machin learn correl base approach the central hypothesi good featur set contain featur highli correl class yet uncorrel a featur evalu formula base idea test theori provid oper definit hypothesi cf correl base featur select algorithm coupl evalu formula appropri correl measur heurist search strategi cf evalu experi artifici natur dataset three machin learn algorithm use c45 decis tree learner ib1 instanc base learner naiv bay experi artifici dataset show cf quickli identifi screen irrelev redund noisi featur identifi relev featur long relev strongli depend featur on natur domain cf typic elimin well half featur in case classif accuraci use reduc featur set equal better accuraci use complet featur set featur select degrad machin learn perform case featur elimin highli predict small area instanc space further experi compar cf wrappera well known approach featur select employ target learn algorithm evalu featur set in mani case cf gave compar result wrapper gener outperform wrapper small dataset cf execut mani time faster wrapper allow scale larger dataset two method extend cf handl featur interact present experiment evalu the first consid pair featur second incorpor iii featur weight calcul relief algorithm experi artifici domain show method abl identifi interact featur on natur domain pairwis method gave reliabl result use weight provid relief,Positive
638e41912f314c74436205aa8d332dca963ab1dc,hybrid quantumclass system make possibl util exist quantum comput fullest extent within framework parameter quantum circuit regard machin learn model remark express power thi review present compon model discus applic varieti datadriven task supervis learn gener model with increas number experiment demonstr carri actual quantum hardwar softwar activ develop rapidli grow field poi broad spectrum realworld applic,Positive
206261db1196e4e391ca42077f6fca6b3ece34d0,mani largescal machin learn ml applic need perform decentr learn dataset gener differ devic locat such dataset pose signific challeng decentr learn differ context result signific data distribut skew across devicesloc in paper take step toward better understand challeng present detail experiment studi decentr dnn train common type data skew skew distribut data label across devicesloc our studi show skew data label fundament pervas problem decentr learn caus signific accuraci loss across mani ml applic dnn model train dataset decentr learn algorithm ii problem particularli challeng dnn model batch normal iii degre data skew key determin difficulti problem base find present skewscout systemlevel approach adapt commun frequenc decentr learn algorithm skewinduc accuraci loss data partit we also show group normal recov much accuraci loss batch normal,Negative
d7701e78e0bfc92b03a89582e80cfb751ac03f26,there recent surg work explanatori artifici intellig xai thi research area tackl import problem complex machin algorithm often cannot provid insight behavior thought process xai allow user part intern system transpar provid explan decis level detail these explan import ensur algorithm fair identifi potenti biasproblem train data ensur algorithm perform expect howev explan produc system neither standard systemat ass in effort creat best practic identifi open challeng describ foundat concept explain show use classifi exist literatur we discus current approach explanatori method especi deep neural network insuffici final base survey conclud suggest futur research direct explanatori artifici intellig,Positive
218062f45c15f39bc8f4fb2c930ddf20b5809b11,thi paper provid comprehens survey techniqu test machin learn system machin learn test ml test research it cover paper test properti eg correct robust fair test compon eg data learn program framework test workflow eg test gener test evalu applic scenario eg autonom drive machin translat the paper also analys trend concern dataset research trend research focu conclud research challeng promis research direct ml test,Positive
f1b962fb4070fedd46758e334db3ba4f00ddc3ec,the goal supervis learn build concis model distribut class label term predictor featur the result classifi use assign class label test instanc valu predictor featur known valu class label unknown thi paper describ variou supervis machin learn classif techniqu of cours singl chapter cannot complet review supervis machin learn classif algorithm also known induct classif algorithm yet hope refer cite cover major theoret issu guid research interest research direct suggest possibl bia combin yet explor,Positive
b9518627db25f05930e931f56497602363a75491,signific the recent surg interpret research led confus numer front in particular unclear mean interpret select evalu even discus method produc interpret machinelearn model we aim clarifi concern defin interpret machin learn construct unifi framework exist method highlight underappreci role play human audienc within framework method organ class model base post hoc to provid guidanc select evalu interpret method introduc desideratum predict accuraci descript accuraci relev use framework review exist work ground realworld studi exemplifi desideratum suggest direct futur work machinelearn model demonstr great success learn complex pattern enabl make predict unobserv data in addit use model predict abil interpret model learn receiv increas amount attent howev increas focu led consider confus notion interpret in particular unclear wide array propos interpret method relat common concept use evalu we aim address concern defin interpret context machin learn introduc predict descript relev pdr framework discus interpret the pdr framework provid overarch desideratum evalu predict accuraci descript accuraci relev relev judg rel human audienc moreov help manag delug interpret method introduc categor exist techniqu modelbas post hoc categori subgroup includ sparsiti modular simulat to demonstr practition use pdr framework evalu understand interpret provid numer realworld exampl these exampl highlight often underappreci role play human audienc discus interpret final base framework discus limit exist method direct futur work we hope work provid common vocabulari make easier practition research discus choos full rang interpret method,Positive
2bc3644ce4de7fce5812c1455e056649a47c1bbf,heart diseas one signific caus mortal world today predict cardiovascular diseas critic challeng area clinic data analysi machin learn ml shown effect assist make decis predict larg quantiti data produc healthcar industri we also seen ml techniqu use recent develop differ area internet thing iot variou studi give glimps predict heart diseas ml techniqu in paper propos novel method aim find signific featur appli machin learn techniqu result improv accuraci predict cardiovascular diseas the predict model introduc differ combin featur sever known classif techniqu we produc enhanc perform level accuraci level predict model heart diseas hybrid random forest linear model hrflm,Positive
6e23398447a022fb9495c44fa80e9de593a574bc,machin learn emerg big data technolog highperform comput creat new opportun data intens scienc multidisciplinari agritechnolog domain in paper present comprehens review research dedic applic machin learn agricultur product system the work analyz categor crop manag includ applic yield predict diseas detect weed detect crop qualiti speci recognit b livestock manag includ applic anim welfar livestock product c water manag soil manag the filter classif present articl demonstr agricultur benefit machin learn technolog by appli machin learn sensor data farm manag system evolv real time artifici intellig enabl program provid rich recommend insight farmer decis support action,Positive
f156ecbbb9243522275490d698c6825f4d2e01af,recent advanc artifici intellig ai led widespread industri adopt machin learn system demonstr superhuman perform signific number task howev surg perform often achiev increas model complex turn system black box approach caus uncertainti regard way oper ultim way come decis thi ambigu made problemat machin learn system adopt sensit yet critic domain valu could immens healthcar a result scientif interest field explain artifici intellig xai field concern develop new method explain interpret machin learn model tremend reignit recent year thi studi focus machin learn interpret method specif literatur review taxonomi method present well link program implement hope survey would serv refer point theorist practition,Positive
2b7f9117eb6608a58be4c078ca3d69c0e5ccb875,machin learn wide use practic produc predict model applic imag process speech text recognit these model accur train larg amount data collect differ sourc howev massiv data collect rais privaci concern in paper present new effici protocol privaci preserv machin learn linear regress logist regress neural network train use stochast gradient descent method our protocol fall twoserv model data owner distribut privat data among two noncollud server train variou model joint data use secur twoparti comput 2pc we develop new techniqu support secur arithmet oper share decim number propos mpcfriendli altern nonlinear function sigmoid softmax superior prior work we implement system c our experi valid protocol sever order magnitud faster state art implement privaci preserv linear logist regress scale million data sampl thousand featur we also implement first privaci preserv system train neural network,Positive
a9cbbef8f4426329d0687025b34287c35bdd8b38,machin learn ml encompass broad rang algorithm model tool use vast array data process task enter scientif disciplin recent year thi articl review select way recent research interfac machin learn physic scienc thi includ conceptu develop ml motiv physic insight applic machin learn techniqu sever domain physic cross fertil two field after give basic notion machin learn method principl exampl describ statist physic use understand method ml thi review describ applic ml method particl physic cosmolog quantum manybodi physic quantum comput chemic materi physic research develop novel comput architectur aim acceler ml also highlight each section describ recent success well domainspecif methodolog challeng,Positive
5fca8bbec714e403fa0f95a56b355c8ca835bcc0,predict obtain eg artifici neural network high accuraci human often perceiv model black box insight decis make mostli opaqu human particularli understand decis make highli sensit area healthcar financ paramount import the decisionmak behind black box requir transpar account understand human thi survey paper provid essenti definit overview differ principl methodolog explain supervis machin learn sml we conduct stateoftheart survey review past recent explain sml approach classifi accord introduc definit final illustr principl mean explanatori case studi discus import futur direct,Neutral
46f74231b9afeb0c290d6d550043c55045284e5f,in issu best web present modifi nation institut standard technolog mnist resourc consist collect handwritten digit imag use extens optic charact recognit machin learn research,Positive
5cae4598b1de79fb5a26d92fcb0435bf2a20691e,in recent year use machin learn ml comput chemistri enabl numer advanc previous reach due comput complex tradit electronicstructur method one promis applic construct mlbase forc field ff aim narrow gap accuraci ab initio method effici classic ff the key idea learn statist relat chemic structur potenti energi without reli preconceiv notion fix chemic bond knowledg relev interact such univers ml approxim principl limit qualiti quantiti refer data use train thi review give overview applic mlff chemic insight obtain the core concept underli mlff describ detail stepbystep guid construct test scratch given the text conclud discus challeng remain overcom next gener mlff,Positive
80c3c1cb86eeb9f2ab0934d6f914918889d34db7,tslearn generalpurpos python machin learn librari time seri offer tool preprocess featur extract well dedic model cluster classif regress it follow scikitlearn applic program interfac transform estim allow use standard pipelin model select tool top tslearn object it distribut bsd2claus licens sourc code avail httpsgithubcomtslearnteamtslearn,Positive
80c3c1cb86eeb9f2ab0934d6f914918889d34db7,tslearn generalpurpos python machin learn librari time seri offer tool preprocess featur extract well dedic model cluster classif regress it follow scikitlearn applic program interfac transform estim allow use standard pipelin model select tool top tslearn object it distribut bsd2claus licens sourc code avail httpsgithubcomtslearnteamtslearn,Positive
09e85ad84c4ed40461340ac1bd5fadbd2a5b2340,in manuscript provid structur comprehens overview techniqu integr machin learn physicsbas model first provid summari applic area approach appli then describ class methodolog use construct physicsguid machin learn model hybrid physicsmachin learn framework machin learn standpoint with foundat provid systemat organ exist techniqu discus idea futur research,Neutral
6bc4b1376ec2812b6d752c4f6bc8d8fd0512db91,our experi world multimod see object hear sound feel textur smell odor tast flavor modal refer way someth happen experienc research problem character multimod includ multipl modal in order artifici intellig make progress understand world around u need abl interpret multimod signal togeth multimod machin learn aim build model process relat inform multipl modal it vibrant multidisciplinari field increas import extraordinari potenti instead focus specif multimod applic paper survey recent advanc multimod machin learn present common taxonomi we go beyond typic earli late fusion categor identifi broader challeng face multimod machin learn name represent translat align fusion colearn thi new taxonomi enabl research better understand state field identifi direct futur research,Positive
5e331bf7887e2e634bf5b12788849d2d2b74bc7f,one challeng machin learn research ensur present publish result sound reliabl reproduc obtain similar result present paper talk use code data avail necessari step verifi reliabl research find reproduc also import step promot open access research therebi allow scientif commun quickli integr new find convert idea practic reproduc also promot use robust experiment workflow potenti reduc unintent error in neural inform process system neurip confer premier intern confer research machin learn introduc reproduc program design improv standard across commun conduct commun evalu machin learn research the program contain three compon code submiss polici communitywid reproduc challeng inclus machin learn reproduc checklist part paper submiss process in paper describ compon deploy well abl learn initi,Positive
4a7eea3ec3080ecb277bfe466afce4822a1071d7,quantum classifi trainabl quantum circuit use machin learn model the first part circuit implement quantum featur map encod classic input quantum state embed data highdimension hilbert space second part circuit execut quantum measur interpret output model usual measur train distinguish quantumembed data we propos instead train first part circuitth embeddingwith object maxim separ data class hilbert space strategi call quantum metric learn a result measur minim linear classif loss alreadi known depend metric use embed separ data use l1 trace distanc helstrom measur l2 hilbertschmidt distanc simpl overlap measur thi approach provid power analyt framework quantum machin learn elimin major compon current model free preciou resourc best leverag capabl nearterm quantum inform processor,Positive
5c7e5248d9eb7f373f10277410bf8506160907ea,allopt deep learn deep learn use multilay artifici neural network learn digit larg dataset it perform advanc identif classif task to date multilay neural network implement comput lin et al demonstr allopt machin learn use passiv optic compon pattern fabric 3dprint their hardwar approach compris stack layer diffract optic element analog artifici neural network train execut complex function speed light scienc issu p allopt deep learn implement 3dprint passiv optic compon deep learn transform abil execut advanc infer task use comput here introduc physic mechan perform machin learn demonstr allopt diffract deep neural network d2nn architectur implement variou function follow deep learningbas design passiv diffract layer work collect we creat 3dprint d2nn implement classif imag handwritten digit fashion product well function imag len terahertz spectrum our allopt deep learn framework perform speed light variou complex function computerbas neural network execut find applic allopt imag analysi featur detect object classif also enabl new camera design optic compon perform distinct task use d2nn,Positive
6b67e38e488cdb6a5af8ae44fdbb2c069c9cea0e,purpos to present overview current machin learn method use medic research focus select machin learn techniqu best practic deep learn method a systemat literatur search pubm perform articl pertin topic artifici intellig method use medicin emphasi ophthalmolog result a review machin learn deep learn methodolog audienc without extens technic comput program background conclus artifici intellig promis futur medicin howev mani challeng remain translat relev the aim review articl provid nontechn reader layman explan machin learn method use medicin today the goal provid reader better understand potenti challeng artifici intellig within field medicin,Positive
caf9e0fa2c340fb07cef8d547ea8849508e5c358,we perform compar analysi machin learn method canon problem empir asset price measur asset risk premium we demonstr larg econom gain investor use machin learn forecast case doubl perform lead regressionbas strategi literatur we identifi bestperform method tree neural network trace predict gain allow nonlinear predictor interact miss method all method agre set domin predict signal set includ variat momentum liquid volatil author furnish internet appendix avail oxford univers press web site next link final publish paper onlin,Positive
6f803c1729ed818ef6a5ee28cf23b3c6ca9e4291,chemometr play critic role biosensorsbas detect analysi diagnosi nowaday branch artifici intellig ai machin learn ml achiev impress advanc howev novel advanc ml method especi deep learn famou imag analysi facial recognit speech recognit remain rel elus biosensor commun herein ml benefici biosensor systemat discus the advantag drawback popular ml algorithm summar basi sen data analysi special deep learn method convolut neural network cnn recurr neural network rnn emphas diver mlassist electrochem biosensor wearabl electron ser spectrabas biosensor fluoresc biosensor colorimetr biosensor comprehens discus furthermor biosensor network multibiosensor data fusion introduc thi review nice bridg ml biosensor greatli expand chemometr detect analysi diagnosi,Positive
46c266b3d1274dacd7fce27ee8cb4d587f087a58,machin learn system becom increasingli ubiquit these system adopt expand acceler shift toward algorithm societi mean algorithm inform decis greater potenti signific social impact howev accur decis support system remain complex black box mean intern logic inner work hidden user even expert cannot fulli understand rational behind predict moreov new regul highli regul domain made audit verifi decis mandatori increas demand abil question understand trust machin learn system interpret indispens the research commun recogn interpret problem focus develop interpret model explan method past year howev emerg method show consensu ass explan qualiti which suitabl metric ass qualiti explan the aim articl provid review current state research field machin learn interpret focus societ impact develop method metric furthermor complet literatur review present order identifi futur direct work field,Positive
21dfbc88b21b27fe8a245ab1df98edd45f655ae7,machin learn medicin in view futur medicin patientprovid interact inform support massiv amount data interact similar patient the,Positive
8f8542a6aa8c76e8a4441d1ca722e230aa5d6c9e,differenti privaci strong notion privaci use prove formal guarante term privaci budget epsilon much inform leak mechan howev implement privacypreserv machin learn often select larg valu epsilon order get accept util model littl understand impact choic meaning privaci moreov scenario iter learn procedur use differenti privaci variant offer tighter analys use appear reduc need privaci budget present poorli understood tradeoff privaci util in paper quantifi impact choic privaci experi logist regress neural network model our main find huge gap upper bound privaci loss guarante even advanc mechan effect privaci loss measur use current infer attack current mechan differenti privat machin learn rare offer accept utilityprivaci tradeoff guarante complex learn task set provid limit accuraci loss provid meaningless privaci guarante set provid strong privaci guarante result useless model code experi found http url,Negative
d75356e2bf674902a06a14bb55d18ee88af5b4bb,we discus relev recent machin learn ml literatur econom econometr first discus differ goal method set ml literatur tradit econometr statist literatur then discus specif method ml literatur view import empir research econom these includ supervis learn method regress classif unsupervis learn method matrix complet method final highlight newli develop method intersect ml econometr typic perform better either offtheshelf ml tradit econometr method appli particular class problem includ causal infer averag treatment effect optim polici estim estim counterfactu effect price chang consum choic model,Positive
b3ea2d9c8e5ea3b87ace121f0bece71565abc187,from environment standpoint crucial aspect train neural network major impact quantiti carbon emit these factor includ locat server use train energi grid use length train procedur even make model hardwar train take place in order approxim emiss present machin learn emiss calcul tool commun better understand environment impact train ml model we accompani tool explan factor cite well concret action individu practition organ take mitig carbon emiss,Positive
67df7bf02fe2d618c7c18448c2668a526dc4d423,at facebook machin learn provid wide rang capabl drive mani aspect user experi includ rank post content understand object detect track augment virtual realiti speech text translat while machin learn model current train custom datacent infrastructur facebook work bring machin learn infer edg by user experi improv reduc latenc infer time becom le depend network connect furthermor also enabl mani applic deep learn import featur made avail edg thi paper take datadriven approach present opportun design challeng face facebook order enabl machin learn infer local smartphon edg platform,Neutral
83e89d56d0d0e1dfd8b52213e6cc2e191aaaf34b,there surg recent interest learn represent graphstructur data graph represent learn method gener fallen three main categori base avail label data the first network embed shallow graph embed graph autoencod focus learn unsupervis represent relat structur the second graph regular neural network leverag graph augment neural network loss regular object semisupervis learn the third graph neural network aim learn differenti function discret topolog arbitrari structur howev despit popular area surprisingli littl work unifi three paradigm here aim bridg gap graph neural network network embed graph regular model we propos comprehens taxonomi represent learn method graphstructur data aim unifi sever dispar bodi work specif propos graph encod decod model graphedm gener popular algorithm semisupervis learn graph eg graphsag graph convolut network graph attent network unsupervis learn graph represent eg deepwalk node2vec etc singl consist approach to illustr gener approach fit thirti exist method framework we believ unifi view provid solid foundat understand intuit behind method enabl futur research area,Positive
b3de1062d8a462dfdc2938558258f8884abe9f4e,abstract machin learn offer potenti effect effici classif remot sen imageri the strength machin learn includ capac handl data high dimension map class complex characterist nevertheless implement machinelearn classif straightforward literatur provid conflict advic regard mani key issu thi articl therefor provid overview machin learn appli perspect we focu rel matur method support vector machin singl decis tree dt random forest boost dt artifici neural network knearest neighbour knn issu consid includ choic algorithm train data requir userdefin paramet select optim featur space impact reduct comput cost we illustr issu appli machinelearn classif two public avail remot sen data set,Positive
61306b52c2d292928f7cbb2f2ef5711d15a2566c,machin learn wide use produc model rang applic increasingli offer servic major technolog compani howev requir massiv data collect rais privaci concern train predict stage in paper design implement gener framework privacypreserv machin learn use obtain new solut train linear regress logist regress neural network model our protocol threeserv model wherein data owner secret share data among three server train evalu model joint data use threeparti comput 3pc our main contribut new complet framework textabi effici switch back forth arithmet binari yao 3pc independ interest mani convers base new techniqu design optim first time paper we also propos new techniqu fixedpoint multipl share decim valu extend beyond threeparti case custom protocol evalu piecewis polynomi function we design variant build block secur em malici adversari deviat arbitrarili we implement system c our protocol em four order magnitud faster best prior work henc significantli reduc gap privacypreserv plaintext train,Positive
8a95423d0059f7c5b1422f0ef1aa60b9e26aab7e,machin learn ml model may deem confidenti due sensit train data commerci valu use secur applic increasingli often confidenti ml model deploy publicli access queri interfac mlasaservic predict analyt system exampl some allow user train model potenti sensit data charg other access payperqueri basi the tension model confidenti public access motiv investig model extract attack in attack adversari blackbox access prior knowledg ml model paramet train data aim duplic function ie steal model unlik classic learn theori set mlasaservic offer may accept partial featur vector input includ confid valu predict given practic show simpl effici attack extract target ml model nearperfect fidel popular model class includ logist regress neural network decis tree we demonstr attack onlin servic bigml amazon machin learn we show natur countermeasur omit confid valu model output still admit potenti harm model extract attack our result highlight need care ml model deploy new model extract countermeasur,Negative
821fde6dc36d1264c765d249d4247ea66daff55f,in year world popul billion connect devic place home citi vehicl industri devic limit resourc interact surround environ user mani devic base machin learn model decod mean behavior behind sensor data implement accur predict make decis the bottleneck high level connect thing could congest network henc need incorpor intellig end devic use machin learn algorithm deploy machin learn edg devic improv network congest allow comput perform close data sourc the aim work provid review main techniqu guarante execut machin learn model hardwar low perform internet thing paradigm pave way internet consciou thing in work detail review model architectur requir solut implement edg machin learn internet thing devic present main goal defin state art envis develop requir furthermor exampl edg machin learn implement microcontrol provid commonli regard machin learn hello world,Negative
b293e4659e20815bcf0b6d31ce46b8bd9437c1fa,the newli emerg machin learn eg deep learn method becom strong drive forc revolution wide rang industri smart healthcar financi technolog surveil system meanwhil privaci emerg big concern machin learningbas artifici intellig era it import note problem privaci preserv context machin learn quit differ tradit data privaci protect machin learn act friend foe current work preserv privaci machin learn ml still infanc stage exist solut focu privaci problem machin learn process therefor comprehens studi privaci preserv problem machin learn requir thi paper survey state art privaci issu solut machin learn the survey cover three categori interact privaci machin learn privat machin learn ii machin learn aid privaci protect iii machin learningbas privaci attack correspond protect scheme the current research progress categori review key challeng identifi final base indepth analysi area privaci machin learn point futur research direct field,Positive
528ecb0f88a9ea6110ba309b98cc2f0678f257c9,thank read data mine practic machin learn tool techniqu java implement a may know peopl look hundr time favorit novel like data mine practic machin learn tool techniqu java implement end infecti download rather read good book cup tea afternoon instead juggl malici bug insid laptop,Positive
219355e8c58b78c409e34677da50b49fb4c1eacd,machin learn research advanc multipl aspect includ model structur learn method the effort autom research known automl also made signific progress howev progress larg focus architectur neural network reli sophist expertdesign layer build blocksor similarli restrict search space our goal show automl go possibl today automat discov complet machin learn algorithm use basic mathemat oper build block we demonstr introduc novel framework significantli reduc human bia gener search space despit vast space evolutionari search still discov twolay neural network train backpropag these simpl neural network surpass evolv directli task interest eg cifar10 variant modern techniqu emerg top algorithm bilinear interact normal gradient weight averag moreov evolut adapt algorithm differ task type eg dropoutlik techniqu appear littl data avail we believ preliminari success discov machin learn algorithm scratch indic promis new direct field,Positive
7e7eb0f93c9550d7336f4bbfad5fe89604295705,a basic idea quantum comput surprisingli similar kernel method machin learn name effici perform comput intract larg hilbert space in letter explor theoret foundat link show open new avenu design quantum machin learn algorithm we interpret process encod input quantum state nonlinear featur map map data quantum hilbert space a quantum comput analyz input data featur space base link discus two approach build quantum model classif in first approach quantum devic estim inner product quantum state comput classic intract kernel the kernel fed classic kernel method support vector machin in second approach use variat quantum circuit linear model classifi data explicitli hilbert space we illustr idea featur map base squeez continuousvari system visual work principl twodimension minibenchmark dataset,Positive
8b27e2fafbe24cf9ce24f308a7e746489ff0dfb8,summari stateoftheart light electron microscop capabl acquir larg imag dataset quantit evalu data often involv manual annot structur interest thi process timeconsum often major bottleneck evalu pipelin to overcom problem introduc trainabl weka segment tw machin learn tool leverag limit number manual annot order train classifi segment remain data automat in addit tw provid unsupervis segment learn scheme cluster custom employ userdesign imag featur classifi avail implement tw distribut opensourc softwar part fiji imag process distribut imagej httpimagejnettrainable_weka_segment contact ignacioargandaehueu supplementari inform supplementari data avail bioinformat onlin,Positive
9583ac53a19cdf0db81fef6eb0b63e66adbe2324,we studi resili byzantin failur distribut implement stochast gradient descent sgd so far distribut machin learn framework larg ignor possibl failur especi arbitrari ie byzantin one caus failur includ softwar bug network asynchroni bias local dataset well attack tri compromis entir system assum set n worker f byzantin ask resili sgd without limit dimens size paramet space we first show gradient aggreg rule base linear combin vector propos worker ie current approach toler singl byzantin failur we formul resili properti aggreg rule captur basic requir guarante converg despit f byzantin worker we propos krum aggreg rule satisfi resili properti argu first provabl byzantineresili algorithm distribut sgd we also report experiment evalu krum,Negative
efd7b7aafeb83b8a8d6fd90a35d6fb6a62f5f695,a machin learn becom wide use autom decis attack strong incent manipul result model gener machin learn algorithm in paper perform first systemat studi poison attack countermeasur linear regress model in poison attack attack deliber influenc train data manipul result predict model we propos theoreticallyground optim framework specif design linear regress demonstr effect rang dataset model we also introduc fast statist attack requir limit knowledg train process final design new principl defens method highli resili poison attack we provid formal guarante converg upper bound effect poison attack defens deploy we evalu extens attack defens three realist dataset health care loan ass real estat domain,Negative
a178a0bdee7549d87402b6c6128c569109128458,in recent year machin learn transit field academ research interest field capabl solv realworld busi problem howev deploy machin learn model product system present number issu concern thi survey review publish report deploy machin learn solut varieti use case industri applic extract practic consider correspond stage machin learn deploy workflow by map found challeng step machin learn deploy workflow show practition face issu stage deploy process the goal articl lay research agenda explor approach address challeng,Positive
78aa018ee7d52360e15d103390ea1cdb3a0beb41,mani machin learn model vulner adversari exampl input special craft caus machin learn model produc incorrect output adversari exampl affect one model often affect anoth model even two model differ architectur train differ train set long model train perform task an attack may therefor train substitut model craft adversari exampl substitut transfer victim model littl inform victim recent work develop techniqu use victim model oracl label synthet train set substitut attack need even collect train set mount attack we extend recent techniqu use reservoir sampl greatli enhanc effici train procedur substitut model we introduc new transfer attack previous unexplor substitut victim pair machin learn model class notabl svm decis tree we demonstr attack two commerci machin learn classif system amazon misclassif rate googl use queri victim model therebi show exist machin learn approach gener vulner systemat blackbox attack regardless structur,Negative
adade3149b2a6177296de352f003471eefa958b8,thi paper provid ass earli contribut machin learn econom well predict futur contribut it begin briefli overview theme literatur machin learn draw contrast tradit approach estim impact counterfactu polici econom next review initi offtheshelf applic machin learn econom includ applic analyz text imag we describ new type question pose surround applic machin learn polici problem includ predict polici problem well consider fair manipul we present highlight emerg econometr literatur combin machin learn causal infer final overview set broader predict futur impact machin learn econom includ impact natur collabor fund research tool research question,Negative
175e37bca3762b3a52c6a0e153060b98a251d061,the discoveri new materi bring enorm societ technolog progress in context explor complet larg space potenti materi comput intract here review method achiev invers design aim discov tailor materi start point particular desir function recent advanc rapidli grow field artifici intellig mostli subfield machin learn result fertil exchang idea approach invers molecular design propos employ rapid pace among deep gener model appli numer class materi ration design prospect drug synthet rout organ compound optim photovolta redox flow batteri well varieti solidst materi,Positive
88a97c8ef539589c55a6fe869c243792e470d6a3,machin learn sit core mani essenti product servic facebook thi paper describ hardwar softwar infrastructur support machin learn global scale facebook machin learn workload extrem diver servic requir mani differ type model practic thi diver implic layer system stack in addit sizabl fraction data store facebook flow machin learn pipelin present signific challeng deliv data highperform distribut train flow comput requir also intens leverag gpu cpu platform train abund cpu capac realtim infer address emerg challeng continu requir diver effort span machin learn algorithm softwar hardwar design,Positive
fbf9812f29156024ec693b4633a21303eead309d,advanc neuroimag genom motion track eyetrack mani technologybas data collect method led torrent high dimension dataset commonli small number sampl intrins high cost data collect involv human particip high dimension data small number sampl critic import identifi biomark conduct feasibl pilot work howev lead bias machin learn ml perform estim our review studi appli ml predict autist nonautist individu show small sampl size associ higher report classif accuraci thu investig whether bia could caus use valid method suffici control overfit our simul show kfold crossvalid cv produc strongli bias perform estim small sampl size bia still evid sampl size nest cv traintest split approach produc robust unbias perform estim regardless sampl size we also show featur select perform pool train test data contribut bia consider paramet tune in addit contribut bia data dimension hyperparamet space number cv fold explor valid method compar discrimin data the result suggest design robust test methodolog work small dataset interpret result studi base valid method use,Positive
1b0f4bd3872bb590d457990ac2b26b29f770fc44,explain machin learn offer potenti provid stakehold insight model behavior use variou method featur import score counterfactu explan influenti train data yet littl understand organ use method practic thi studi explor organ view use explain stakehold consumpt we find current major deploy end user affect model rather machin learn engin use explain debug model there thu gap explain practic goal transpar sinc explan primarili serv intern stakehold rather extern one our studi synthes limit current explain techniqu hamper use end user to facilit end user interact develop framework establish clear goal explain we end discus concern rais regard explain,Positive
ac644a74a0ebc8cfbe1b0af8120004909828d283,emerg vulner demand new convers with public academ attent increasingli focus new role machin learn health inform economi unusu nolongeresoter categori vulner machinelearn system could prove import these vulner allow small care design chang input present system complet alter output caus confid arriv manifestli wrong conclus these advanc techniqu subvert otherwisereli machinelearn systemssocal adversari attackshav date interest primarili comput scienc research howev landscap oftencompet interest within health care billion dollar stake system output impli consider problem we outlin motiv variou player health care system may use adversari attack begin discus far discourag continu innov medic machin learn call activ engag medic technic legal ethic expert pursuit effici broadli avail effect health care machin learn enabl,Positive
